{"_timestamp":1.7623507743049011e+09,"_step":3,"dice_Myocardium":0.08085502004493686,"mean_dice":0.04985305878024842,"mean_iou":0.046618381222394416,"iou_Myocardium":0.08085502004493686,"iou_Background":1.5869287867600507e-11,"iou_LV":0.09200743808562883,"dice_RV":0.026549776974558178,"dice_LV":0.09200743808562883,"iou_RV":0.013611066743142193,"dice_Background":1.5869287867600507e-11,"_wandb":{"runtime":14},"_runtime":14,"sample_prediction":{"height":300,"_type":"image-file","sha256":"d50f1d79a5b3d517f70097374770c55e73fc6d657a2a6d362feea81e28968a22","size":84952,"path":"media/images/sample_prediction_2_d50f1d79a5b3d517f700.png","format":"png","width":1000}}