{"dice_Background":0.997381848972083,"dice_LV":0.8740110565170642,"_runtime":14,"iou_LV":0.8263595172823633,"iou_RV":0.722821703273997,"_step":3,"dice_RV":0.7792287996456192,"_wandb":{"runtime":14},"dice_Myocardium":0.814154353347843,"_timestamp":1.7623506649899864e+09,"iou_Myocardium":0.727332250275899,"mean_dice":0.8661940146206526,"iou_Background":0.9947995171227862,"sample_prediction":{"path":"media/images/sample_prediction_2_d8cefd6157215c23de57.png","format":"png","width":1000,"height":300,"_type":"image-file","sha256":"d8cefd6157215c23de575fb0166465abe62d929ee78f24237a59a242715104b8","size":91625},"mean_iou":0.8178282469887616}