{"iou_LV":0.8194243763006729,"_wandb":{"runtime":14},"sample_prediction":{"path":"media/images/sample_prediction_2_33982f125a882b4de2b1.png","format":"png","width":1000,"height":300,"_type":"image-file","sha256":"33982f125a882b4de2b1690d084f48d6b51fc09df5b997ffde48efbdd5522e16","size":94717},"dice_RV":0.7979417046134654,"_runtime":14,"iou_Myocardium":0.7262935722947622,"mean_dice":0.8715501251915216,"_step":3,"_timestamp":1.7623510982985759e+09,"dice_LV":0.8738062634348513,"iou_Background":0.9954076148985044,"iou_RV":0.7420457383980325,"dice_Background":0.9976897362107238,"mean_iou":0.820792825472993,"dice_Myocardium":0.8167627965070449}